{    
    "width": 328,
    "height": 252, 
    "scene": [
        {  
            "shape": "triangle",
            "vertices": [ [50,25], [300, 100], [200, 150] ],
            "color": [0, 250, 0],
            "xform": [[1,0,0],[0,1,0],[0,0,1]]
        },
        {  
            "shape": "triangle",
            "vertices": [ [0,0], [50, 0], [25, 80] ],
            "color": [250, 0, 0],
            "xform": [[1,0,0],[0,1,0],[0,0,1]]
        },
        {
            "shape":"circle",
            "center":  [200, 200],
            "radius": 40,
            "color": [0, 0, 250],
            "xform": [[0.85, 0.49, -99.41],[-0.85, 0.49, 140.0],[0.0,0.0,1.0]]
        },
        {
            "shape":"circle",
            "center":  [170, 200],
            "radius": 12,
            "color": [0, 250, 250],
            "xform": [[1,0,0],[0,1,0],[0,0,1]]
        }
    ]
}